<?xml version="1.0" encoding="UTF-8"?>
<team name="ma_team">
    <teammate last_name="Kullet" first_name="Roland" email="roland.kuku@gmail.com" skill="FRONT"/>
    <teammate last_name="Bellec" first_name="Renaud" email="rbellec@gmail.com" skill="BACK"/>
    <teammate last_name="Cornette" first_name="Gauthier" email="g.c@gmail.com" skill="BACK"/>
    <teammate last_name="Dupui" first_name="Jean" email="dj@gmail.com" skill="SELLS"/>
    <teammate last_name="Zidane" first_name="Zinedine" email="zz@gmail.com" skill="FRONT"/>
    <teammate last_name="Moss" first_name="Kate" email="kmku@gmail.com" skill="SELLS"/>
    <teammate last_name="Bachelot" first_name="Roseline" email="br@gmail.com" skill="BACK"/>
    <teammate last_name="White" first_name="Jack" email="jw@gmail.com" skill="FRONT"/>
    <teammate last_name="Sans" first_name="Virginie" email="sv@gmail.com" skill="BACK"/>
    <teammate last_name="Stalman" first_name="Richard" email="sr@gmail.com" skill="SELLS"/>
    <teammate last_name="Man" first_name="Super" email="sp@gmail.com" skill="SELLS"/>
    <teammate last_name="Linus" first_name="Torvalds" email="lt@gmail.com" skill="BACK"/>
</team>
