<?xml version="1.0" encoding="UTF-8"?>
<project name="mon_projet">
  <task name="task01" desc="marketing-mix" duration="2" skill="SELLS" dependency="none"/>
  <task name="task02" desc="definition techno front" duration="1" skill="FRONT" dependency="task01"/>
  <task name="task03" desc="definition techno back" duration="1" skill="BACK" dependency="task01"/>
  <task name="task04" desc="campagne pub" duration="3" skill="SELLS" dependency="task01"/>
  <task name="task05" desc="Mise en place serveur" duration="2" skill="BACK" dependency="task03"/>
  <task name="task06" desc="Design" duration="2" skill="FRONT" dependency="task02"/>
  <task name="task07" desc="Apéro" duration="3" skill="FRONT" dependency="task06"/>
  <task name="task08" desc="Modèles" duration="7" skill="BACK" dependency="task02"/>
  <task name="task09" desc="Interface user" duration="3" skill="FRONT" dependency="task08"/>
  <task name="task10" desc="Interface admin" duration="3" skill="FRONT" dependency="task08"/>
  <task name="task11" desc="Demarches partenaire" duration="3" skill="SELLS" dependency="task01"/>
  <task name="task12" desc="Tests unitaires" duration="4" skill="BACK" dependency="task08"/>
  <task name="task13" desc="Archi db" duration="3" skill="BACK" dependency="task01"/>
  <task name="task14" desc="Retours client" duration="2" skill="SELLS" dependency="task12"/>
  <task name="task15" desc="Apéro" duration="3" skill="FRONT" dependency="task14"/>
  <task name="task16" desc="Design" duration="2" skill="FRONT" dependency="task12"/>
  <task name="task17" desc="Apéro" duration="3" skill="FRONT" dependency="none"/>
</project>
